{
  "Titel": "BP1\nGeosciences 1\nGeowissenschaften 1\n\nPflichtmodul \n7 CP (insg.) = 210 h\n4 SWS + 5 Tage\n\n\n\nKontaktstudium\n100 h\nSelbststudium\n110 h",
  "Inhalte": "Das Modul umfasst die f\u00c3\u00bcr die Studierenden grundlegende Haupteinf\u00c3\u00bchrungsveranstaltung \"System Erde\" sowie 5 Tage Gel\u00c3\u00a4nde\u00c3\u00bcbung.\nIn \"System Erde\" werden grundlegende geowissenschaftliche Konzepte einf\u00c3\u00bchrend vorgestellt und die Verbindungen zwischen den Einzeldisziplinen betont. Die Studierenden lernen den Planeten Erde, seine Entwicklungsgeschichte, aber auch notwendige geowissenschaftliche Konzepte und Begriffe kennen. Durch einfache \u00c3\u0153bungen im Selbststudium k\u00c3\u00b6nnen Studierende die Lerninhalte aktiv festigen, w\u00c3\u00a4hrend ein Tutorium weitere Hilfestellung bietet.\nIn den 5 Gel\u00c3\u00a4ndetagen aus dem Angebot an geologischen Anf\u00c3\u00a4nger*innen-Gel\u00c3\u00a4nde\u00c3\u00bcbungen lernen die Studierenden die Grundprinzipien der geowissenschaftlichen Gel\u00c3\u00a4ndearbeit kennen. Im Gel\u00c3\u00a4nde werden so Prinzipien der Stratigraphie, der Gesteinserkennung und von 3D-Strukturen verkn\u00c3\u00bcpfend eingef\u00c3\u00bchrt.",
  "Lernergebnisse / Kompetenzziele": "In diesem Modul erlernen die Studierenden die Grundprinzipien der Geowissenschaften und praktizieren diese im Rahmen von ersten Gel\u00c3\u00a4nde\u00c3\u00bcbungen. Dadurch werden die Grundlagen f\u00c3\u00bcr alle weiteren geowissenschaftlichen Lehrveranstaltungen - sowohl theoretisch als auch praktisch - sichergestellt.\nDie Inhalte umfassen unter anderem die Entstehung von Sonnensystem und Erde, Zusammensetzung, Schalenbau und Bausteine der Erde, Plattentektonik als \u00c3\u00bcbergreifendes Konzept, geologische Zeit und ihre Bestimmung, Entwicklung des Lebens und Evolution, Erosion und Sedimentation. Die Wechselwirkungen und R\u00c3\u00bcckkopplungsmechanismen zwischen den diversen Sph\u00c3\u00a4ren sowie die zeitliche Entwicklung des Planeten Erde sollen die Neugier auf weiterf\u00c3\u00bchrende Lehrveranstaltungen wecken.\nTeilnahmevoraussetzungen f\u00c3\u00bcr Modul bzw. f\u00c3\u00bcr einzelne Lehrveranstaltungen des Moduls\n\n-\nEmpfohlene Voraussetzungen\n\n-\nOrganisatorische Hinweise\n\n-\nZuordnung des Moduls (Studiengang / Fachbereich)\nB.Sc. Geowissenschaften / FB11\nVerwendbarkeit des Moduls \nf\u00c3\u00bcr andere Studieng\u00c3\u00a4nge \nB.Sc. Orientierungsstudium Natur- und Lebenswissenschaften, B.Sc. Geographie, B.Sc. Mathematik, B.Sc. Chemie\nH\u00c3\u00a4ufigkeit des Angebots\n\"System Erde\": j\u00c3\u00a4hrlich im Wintersemester\nGel\u00c3\u00a4nde\u00c3\u00bcbungen: nach Angebot\nDauer des Moduls\n2 Semester\nModulbeauftragte / Modulbeauftragter\nProf. Dr. Wolfgang M\u00c3\u00bcller\nStudiennachweise/ ggf. als Pr\u00c3\u00bcfungsvorleistungen\n\n\nTeilnahmenachweise \n-\n\nLeistungsnachweise\nErfolgreich absolvierte \u00c3\u0153bungen zu \"System Erde\" (Pr\u00c3\u00bcfungsvorleistung)\nBerichte zu den Gel\u00c3\u00a4nde\u00c3\u00bcbungen\nLehr- / Lernformen\nVorlesung, \u00c3\u0153bung, Gel\u00c3\u00a4nde\u00c3\u00bcbung \nUnterrichts- / Pr\u00c3\u00bcfungssprache\nDeutsch, Englisch\nModulpr\u00c3\u00bcfung\n\n\nModulabschlusspr\u00c3\u00bcfung \nbestehend aus:\nKlausur (90 min) zu \"System Erde\"\n\nkumulative Modulpr\u00c3\u00bcfung bestehend aus:\n-\n\nBildung der Modulnote bei kumulativen Modulpr\u00c3\u00bcfungen:\n-\n\n\nLV-Form\nSWS\nCP\nSemester\n\n\n\n\n\n1\n2\n3\n4\n5\n6\n\nSystem Erde\nV+\u00c3\u0153\n4\n5\nX\n\n\n\n\n\n\nGel\u00c3\u00a4nde\u00c3\u00bcbung\nG\u00c3\u0153\n5 Tage\n2\n\nX\n\n\n\n\n\nModulpr\u00c3\u00bcfung \nKlausur\n\n\nX\n\n\n\n\n\n\nSumme\n\n4 SWS + 5 Tage\n7",
  "Teilnahmevoraussetzungen f\u00fcr Modul bzw. f\u00fcr einzelne Lehrveranstaltungen des Moduls": "-",
  "Empfohlene Voraussetzungen": "-",
  "Organisatorische Hinweise": "-",
  "Zuordnung des Moduls (Studiengang / Fachbereich)": "B.Sc. Geowissenschaften / FB11",
  "Verwendbarkeit des Moduls f\u00fcr andere Studieng\u00e4nge": "B.Sc. Orientierungsstudium Natur- und Lebenswissenschaften, B.Sc. Geographie, B.Sc. Mathematik, B.Sc. Chemie",
  "H\u00e4ufigkeit des Angebots": "\u201eSystem Erde\u201c: j\u00e4hrlich im Wintersemester Gel\u00e4nde\u00fcbungen: nach Angebot",
  "Dauer des Moduls": "Klausur (90 min) zu \"System Erde\"\n\nkumulative Modulpr\u00c3\u00bcfung bestehend aus:\n-\n\nBildung der Modulnote bei kumulativen Modulpr\u00c3\u00bcfungen:\n-\n\n\nLV-Form\nSWS\nCP\nSemester\n\n\n\n\n\n1\n2\n3\n4\n5\n6\n\nSystem Erde\nV+\u00c3\u0153\n4\n5\nX\n\n\n\n\n\n\nGel\u00c3\u00a4nde\u00c3\u00bcbung\nG\u00c3\u0153\n5 Tage\n2\n\nX\n\n\n\n\n\nModulpr\u00c3\u00bcfung \nKlausur\n\n\nX\n\n\n\n\n\n\nSumme\n\n4 SWS + 5 Tage\n7",
  "Modulbeauftragte / Modulbeauftragter": "Prof. Dr. Wolfgang M\u00fcller",
  "Studiennachweise/ ggf. als Pr\u00fcfungsvorleistungen": {
    "Teilnahmenachweise": "keine",
    "Leistungsnachweise": "Erfolgreich absolvierte \u00dcbungen zu \u201eSystem Erde\u201c (Pr\u00fcfungsvorleistung) Berichte zu den Gel\u00e4nde\u00fcbungen"
  },
  "Lehr- / Lernformen": "Vorlesung, \u00dcbung, Gel\u00e4nde\u00fcbung ",
  "Unterrichts- / Pr\u00fcfungssprache": "Deutsch, Englisch",
  "Modulpr\u00fcfung": {
    "Modulabschlusspr\u00fcfung bestehend aus:": "Klausur (90 min) zu 'System Erde'",
    "kumulative Modulpr\u00fcfung bestehend aus:": "-",
    "Bildung der Modulnote bei kumulativen Modulpr\u00fcfungen:": "-"
  },
  "\u00dcbersicht": {
    "Veranstaltung": [
      "System Erde",
      "Gel\u00e4nde\u00fcbung",
      "Modulpr\u00fcfung",
      "Summe"
    ],
    "LV-Form": [
      "V+\u00dc",
      "G\u00dc",
      "Klausur",
      ""
    ],
    "SWS": [
      4,
      "5 Tage",
      "",
      "4 SWS + 5 Tage"
    ],
    "CP": [
      5,
      2,
      "",
      7
    ],
    "1": [
      "X",
      "",
      "X",
      ""
    ],
    "2": [
      "",
      "X",
      "",
      ""
    ],
    "3": [
      "",
      "",
      "",
      ""
    ],
    "4": [
      "",
      "",
      "",
      ""
    ],
    "5": [
      "",
      "",
      "",
      ""
    ],
    "6": [
      "",
      "",
      "",
      ""
    ]
  },
  "Pr\u00fcfung": "Platz f\u00fcr alles m\u00f6gliche",
  "Version": [
    "2023-10-13",
    "2023-04-04",
    "2022-07-11",
    "2021-01-01"
  ],
  "\u00c4nderung": {
    "2023-10-13": "PL in SL ge\u00e4ndert",
    "2023-04-04": "Neuer Modulbeauftragter",
    "2022-07-11": "Neuen Kurs xx eingef\u00fcgt",
    "2021-01-01": "CP um einen erh\u00f6ht"
  }
}