{
  "Titel": "BP2\nGeomaterials\nGeomaterialien\nPflichtmodul\n6 CP = 180 h\n4 SWS\n\n\n\nKontaktstudium\n4 SWS / 60 h\nSelbststudium\n120 h",
  "Inhalte": "Das Modul \"Geomaterialien\" teilt sich auf in zwei aufeinanderfolgende Vorlesungen und \u00c3\u0153bungen. Zun\u00c3\u00a4chst werden Minerale als nat\u00c3\u00bcrliche kristalline Grundbestandteile der Geosph\u00c3\u00a4re behandelt. Die Teilnehmer erlernen ihre grunds\u00c3\u00a4tzliche Systematik anhand von chemischen und mineralogisch-kristallographischen Gesichtspunkten. Mit Hilfe von Anschauungsobjekten werden u.a. deren Kristallstruktur und Symmetrie-Eigenschaften, die Kristallfl\u00c3\u00a4chen-Indizierung, ihre wesentlichen stofflichen und physikalischen Eigenschaften und die systematische mineralogische Einordnung behandelt. \nIm darauffolgenden Abschnitt werden die wichtigsten Gesteine der Geosph\u00c3\u00a4re als heterogene Mineralaggregate er\u00c3\u00b6rtert. Mittels makroskopischer Methoden werden Magmatite, Sedimente und Metamorphite in Form zahlreicher Handst\u00c3\u00bccke behandelt. Neben ihrer lithologischen Zusammensetzung werden vor allem ihre Gef\u00c3\u00bcgemerkmale, ihre Entstehungsbedingungen und ihre petrographische Klassifikation erlernt.",
  "Lernergebnisse / Kompetenzziele": "Ziel dieses Moduls ist das Erlernen makroskopisch-deskriptiver Methoden zur Ansprache der wichtigsten Minerale und Gesteine. Hierzu z\u00c3\u00a4hlen:\n* Bestimmen und klassifizieren von Mineralen und Gesteinen\n* Erarbeiten der grundlegenden mineralogischen und petrographischen Systematik\n* Kennen und Bewerten der Grenzen makroskopisch-deskriptiver Methoden der Geomaterial-Analyse\n* Verstehen und Beurteilen der wesentlichen mineral- und gesteinsbildenden Prozesse anhand des vorliegenden Materials\n* selbstst\u00c3\u00a4ndiges Erlernen und Vertiefen anhand der vorgelegten Handst\u00c3\u00bccke (Selbststudium)\nTeilnahmevoraussetzungen f\u00c3\u00bcr Modul bzw. f\u00c3\u00bcr einzelne Lehrveranstaltungen des Moduls\n\n-\nEmpfohlene Voraussetzungen\n\ngleichzeitiger Besuch der Veranstaltung \"System Erde\" in Modul BP 1\nOrganisatorische Hinweise\n\n-\nZuordnung des Moduls (Studiengang / Fachbereich)\nB.Sc. Geowissenschaften / FB 11\nVerwendbarkeit des Moduls \nf\u00c3\u00bcr andere Studieng\u00c3\u00a4nge \nB.Sc./M.Sc. Chemie, Geographie, Mathematik\nH\u00c3\u00a4ufigkeit des Angebots\nj\u00c3\u00a4hrlich\nDauer des Moduls\n1 Semester\nModulbeauftragte / Modulbeauftragter\nProf. Dr. Frank Brenker\nStudiennachweise/ ggf. als Pr\u00c3\u00bcfungsvorleistungen\n\n\nTeilnahmenachweise \nRegelm\u00c3\u00a4\u00c3\u00a1ige Teilnahme\n\nLeistungsnachweise\n-\nLehr- / Lernformen\nVorlesung, \u00c3\u0153bung\nUnterrichts- / Pr\u00c3\u00bcfungssprache\nDeutsch\nModulpr\u00c3\u00bcfung\nForm / Dauer / ggf. Inhalt\n\nModulabschlusspr\u00c3\u00bcfung \nbestehend aus:\n-\n\nkumulative Modulpr\u00c3\u00bcfung bestehend aus:\nZwei aufeinanderfolgende schriftliche Teilklausuren (jeweils 45 min) \u00c3\u00bcber Minerale und Gesteine\n\nBildung der Modulnote bei kumulativen Modulpr\u00c3\u00bcfungen:\nArithmetisches Mittel der beiden Teilnoten\n\n\nLV-Form\nSWS\nCP\nSemester\n\n\n\n\n\n1\n2\n3\n4\n5\n6\n\nGeomaterialien: Minerale\nV+\u00c3\u0153\n2\n3\nX\n\n\n\n\n\n\nGeomaterialien: Gesteine\nV+\u00c3\u0153\n2\n3\nX\n\n\n\n\n\n\nModulpr\u00c3\u00bcfung\nKlausur\n\n\nX\n\n\n\n\n\n\nSumme\n\n4\n6",
  "Teilnahmevoraussetzungen f\u00fcr Modul bzw. f\u00fcr einzelne Lehrveranstaltungen des Moduls": "-",
  "Empfohlene Voraussetzungen": "gleichzeitiger Besuch der Veranstaltung \"System Erde\" in Modul BP 1",
  "Organisatorische Hinweise": "-",
  "Zuordnung des Moduls (Studiengang / Fachbereich)": "B.Sc. Geowissenschaften / FB 11",
  "Verwendbarkeit des Moduls f\u00fcr andere Studieng\u00e4nge": "B.Sc. Orientierungsstudium Natur- und Lebenswissenschaften, B.Sc. Geographie, B.Sc. Mathematik, B.Sc. Chemie",
  "H\u00e4ufigkeit des Angebots": "\u201eSystem Erde\u201c: j\u00e4hrlich im Wintersemester Gel\u00e4nde\u00fcbungen: nach Angebot",
  "Dauer des Moduls": "-\n\nkumulative Modulpr\u00c3\u00bcfung bestehend aus:\nZwei aufeinanderfolgende schriftliche Teilklausuren (jeweils 45 min) \u00c3\u00bcber Minerale und Gesteine\n\nBildung der Modulnote bei kumulativen Modulpr\u00c3\u00bcfungen:\nArithmetisches Mittel der beiden Teilnoten\n\n\nLV-Form\nSWS\nCP\nSemester\n\n\n\n\n\n1\n2\n3\n4\n5\n6\n\nGeomaterialien: Minerale\nV+\u00c3\u0153\n2\n3\nX\n\n\n\n\n\n\nGeomaterialien: Gesteine\nV+\u00c3\u0153\n2\n3\nX\n\n\n\n\n\n\nModulpr\u00c3\u00bcfung\nKlausur\n\n\nX\n\n\n\n\n\n\nSumme\n\n4\n6",
  "Modulbeauftragte / Modulbeauftragter": "Prof. Dr. Wolfgang M\u00fcller",
  "Studiennachweise/ ggf. als Pr\u00fcfungsvorleistungen": {
    "Teilnahmenachweise": "keine",
    "Leistungsnachweise": "Erfolgreich absolvierte \u00dcbungen zu \u201eSystem Erde\u201c (Pr\u00fcfungsvorleistung) Berichte zu den Gel\u00e4nde\u00fcbungen"
  },
  "Lehr- / Lernformen": "Vorlesung, \u00dcbung, Gel\u00e4nde\u00fcbung ",
  "Unterrichts- / Pr\u00fcfungssprache": "Deutsch, Englisch",
  "Modulpr\u00fcfung": {
    "Modulabschlusspr\u00fcfung bestehend aus:": "Klausur (90 min) zu 'System Erde'",
    "kumulative Modulpr\u00fcfung bestehend aus:": "-",
    "Bildung der Modulnote bei kumulativen Modulpr\u00fcfungen:": "-"
  },
  "\u00dcbersicht": {
    "Veranstaltung": [
      "System Erde",
      "Gel\u00e4nde\u00fcbung",
      "Modulpr\u00fcfung",
      "Summe"
    ],
    "LV-Form": [
      "V+\u00dc",
      "G\u00dc",
      "Klausur",
      ""
    ],
    "SWS": [
      4,
      "5 Tage",
      "",
      "4 SWS + 5 Tage"
    ],
    "CP": [
      5,
      2,
      "",
      7
    ],
    "1": [
      "X",
      "",
      "X",
      ""
    ],
    "2": [
      "",
      "X",
      "",
      ""
    ],
    "3": [
      "",
      "",
      "",
      ""
    ],
    "4": [
      "",
      "",
      "",
      ""
    ],
    "5": [
      "",
      "",
      "",
      ""
    ],
    "6": [
      "",
      "",
      "",
      ""
    ]
  },
  "Pr\u00fcfung": "Platz f\u00fcr alles m\u00f6gliche",
  "Version": [
    "2023-10-13",
    "2023-04-04",
    "2022-07-11",
    "2021-01-01"
  ],
  "\u00c4nderung": {
    "2023-10-13": "PL in SL ge\u00e4ndert",
    "2023-04-04": "Neuer Modulbeauftragter",
    "2022-07-11": "Neuen Kurs xx eingef\u00fcgt",
    "2021-01-01": "CP um einen erh\u00f6ht"
  }
}