{
  "Titel": "BP3\nGeosciences 2\nGeowissenschaften 2\nPflichtmodul\n3 CP (insg.) = 90 h\n3 SWS\n\n\n\nKontaktstudium\n45 h\nSelbststudium\n45 h",
  "Inhalte": "Wissenschaftliches Arbeiten 1\nIn der Veranstaltung werden die Grundlagen wissenschaftlicher Arbeitsweisen wie Literaturrecherche, Zitierweisen, der Umgang mit wissenschaftlicher Fachliteratur sowie das Schreiben von Berichten vermittelt und einge\u00c3\u00bcbt. An einfachen Beispielen sowie unter Anleitung in einer abschlie\u00c3\u00a1enden schriftlichen Ausarbeitung lernen und \u00c3\u00bcben die Studierenden diese Techniken anzuwenden.\nGeologische Karten und Profile\nIn der Veranstaltung werden Kenntnisse zum Lesen und Interpretieren geologischer Karten und Profile als Grundlage zum Bearbeiten geowissenschaftlicher Fragestellungen vermittelt. Die zwei- und dreidimensionalen Zusammenh\u00c3\u00a4nge zwischen Oberfl\u00c3\u00a4che (Topographie, Morphologie) und Untergrund (Geologie) als Ausdruck ihrer geologischen Entwicklungsgeschichte werden an theoretischen und realen Beispielen veranschaulicht und von den Studierenden selbst konstruiert. Die F\u00c3\u00a4higkeit zum r\u00c3\u00a4umlichen Denken und der Umgang mit dreidimensionalen Lagebeziehungen zwischen geologischen K\u00c3\u00b6rpern und Einheiten wird geschult.",
  "Lernergebnisse / Kompetenzziele": "Die Studierenden lernen\n* wissenschaftliche Arbeitsweisen selbst\u00c3\u00a4ndig anzuwenden\n* wissenschaftliche Berichte selbst\u00c3\u00a4ndig anzufertigen\n* geologische Karten und Profile zu interpretieren und zu konstruieren\n* r\u00c3\u00a4umlich zu denken und Lagebeziehungen zwischen geologischen Einheiten zu erkennen\nTeilnahmevoraussetzungen f\u00c3\u00bcr Modul bzw. f\u00c3\u00bcr einzelne Lehrveranstaltungen des Moduls\n\nTeilnahme an den Modulen BP1 und BP2\nEmpfohlene Voraussetzungen\n\n-\nOrganisatorische Hinweise\n\n-\nZuordnung des Moduls (Studiengang / Fachbereich)\nB.Sc. Geowissenschaften / FB11\nVerwendbarkeit des Moduls \nf\u00c3\u00bcr andere Studieng\u00c3\u00a4nge \nB.Sc. Orientierungsstudium Natur- und Lebenswissenschaften, B.Sc./M.Sc. Mathematik\nH\u00c3\u00a4ufigkeit des Angebots\nJ\u00c3\u00a4hrlich im Sommersemester \nDauer des Moduls\n1 Semester\nModulbeauftragte / Modulbeauftragter\nDr. Angela Helbling\nStudiennachweise/ ggf. als Pr\u00c3\u00bcfungsvorleistungen\n\n\nTeilnahmenachweise \nAktive Teilnahme in \"Wissenschaftliches Arbeiten 1\" und \"Geologische Karten und Profile\"\n\nLeistungsnachweise\nSchriftliche Ausarbeitung zu \"Wissenschaftliches Arbeiten 1\"\nLehr- / Lernformen\nSeminar, Vorlesung, \u00c3\u0153bung\nUnterrichts- / Pr\u00c3\u00bcfungssprache\nDeutsch, Englisch\nModulpr\u00c3\u00bcfung\nForm / Dauer / ggf. Inhalt\n\nModulabschlusspr\u00c3\u00bcfung \nbestehend aus:\nKlausur (90 min) zu \"Geologische Karten und Profile\"\n\nkumulative Modulpr\u00c3\u00bcfung bestehend aus:\n-\n\nBildung der Modulnote bei kumulativen Modulpr\u00c3\u00bcfungen:\n-\n\n\nLV-Form\nSWS\nCP\nSemester\n\n\n\n\n\n1\n2\n3\n4\n5\n6\n\nWissenschaftliches Arbeiten 1\nV+\u00c3\u0153\n1\n1\n\nX\n\n\n\n\n\nGeologische Karten und Profile\nV+\u00c3\u0153\n2\n2\n\nX\n\n\n\n\n\nModulpr\u00c3\u00bcfung\nKlausur\n\n\n\nX\n\n\n\n\n\nSumme\n\n3\n3",
  "Teilnahmevoraussetzungen f\u00fcr Modul bzw. f\u00fcr einzelne Lehrveranstaltungen des Moduls": "-",
  "Empfohlene Voraussetzungen": "-",
  "Organisatorische Hinweise": "-",
  "Zuordnung des Moduls (Studiengang / Fachbereich)": "B.Sc. Geowissenschaften / FB11",
  "Verwendbarkeit des Moduls f\u00fcr andere Studieng\u00e4nge": "B.Sc. Orientierungsstudium Natur- und Lebenswissenschaften, B.Sc. Geographie, B.Sc. Mathematik, B.Sc. Chemie",
  "H\u00e4ufigkeit des Angebots": "\u201eSystem Erde\u201c: j\u00e4hrlich im Wintersemester Gel\u00e4nde\u00fcbungen: nach Angebot",
  "Dauer des Moduls": "Klausur (90 min) zu \"Geologische Karten und Profile\"\n\nkumulative Modulpr\u00c3\u00bcfung bestehend aus:\n-\n\nBildung der Modulnote bei kumulativen Modulpr\u00c3\u00bcfungen:\n-\n\n\nLV-Form\nSWS\nCP\nSemester\n\n\n\n\n\n1\n2\n3\n4\n5\n6\n\nWissenschaftliches Arbeiten 1\nV+\u00c3\u0153\n1\n1\n\nX\n\n\n\n\n\nGeologische Karten und Profile\nV+\u00c3\u0153\n2\n2\n\nX\n\n\n\n\n\nModulpr\u00c3\u00bcfung\nKlausur\n\n\n\nX\n\n\n\n\n\nSumme\n\n3\n3",
  "Modulbeauftragte / Modulbeauftragter": "Prof. Dr. Wolfgang M\u00fcller",
  "Studiennachweise/ ggf. als Pr\u00fcfungsvorleistungen": {
    "Teilnahmenachweise": "keine",
    "Leistungsnachweise": "Erfolgreich absolvierte \u00dcbungen zu \u201eSystem Erde\u201c (Pr\u00fcfungsvorleistung) Berichte zu den Gel\u00e4nde\u00fcbungen"
  },
  "Lehr- / Lernformen": "Vorlesung, \u00dcbung, Gel\u00e4nde\u00fcbung ",
  "Unterrichts- / Pr\u00fcfungssprache": "Deutsch, Englisch",
  "Modulpr\u00fcfung": {
    "Modulabschlusspr\u00fcfung bestehend aus:": "Klausur (90 min) zu 'System Erde'",
    "kumulative Modulpr\u00fcfung bestehend aus:": "-",
    "Bildung der Modulnote bei kumulativen Modulpr\u00fcfungen:": "-"
  },
  "\u00dcbersicht": {
    "Veranstaltung": [
      "System Erde",
      "Gel\u00e4nde\u00fcbung",
      "Modulpr\u00fcfung",
      "Summe"
    ],
    "LV-Form": [
      "V+\u00dc",
      "G\u00dc",
      "Klausur",
      ""
    ],
    "SWS": [
      4,
      "5 Tage",
      "",
      "4 SWS + 5 Tage"
    ],
    "CP": [
      5,
      2,
      "",
      7
    ],
    "1": [
      "X",
      "",
      "X",
      ""
    ],
    "2": [
      "",
      "X",
      "",
      ""
    ],
    "3": [
      "",
      "",
      "",
      ""
    ],
    "4": [
      "",
      "",
      "",
      ""
    ],
    "5": [
      "",
      "",
      "",
      ""
    ],
    "6": [
      "",
      "",
      "",
      ""
    ]
  },
  "Pr\u00fcfung": "Platz f\u00fcr alles m\u00f6gliche",
  "Version": [
    "2023-10-13",
    "2023-04-04",
    "2022-07-11",
    "2021-01-01"
  ],
  "\u00c4nderung": {
    "2023-10-13": "PL in SL ge\u00e4ndert",
    "2023-04-04": "Neuer Modulbeauftragter",
    "2022-07-11": "Neuen Kurs xx eingef\u00fcgt",
    "2021-01-01": "CP um einen erh\u00f6ht"
  }
}